year,type,class,area_km2
1985,observed,natural,6919.52
1985,observed,agro,2581.35
1985,observed,urban,433.58
1985,observed,water,269.0
1985,observed,other,93.89
2015,observed,natural,5994.53
2015,observed,agro,3240.41
2015,observed,urban,735.1
2015,observed,water,267.36
2015,observed,other,59.94
2023,observed,natural,5447.57
2023,observed,agro,3740.92
2023,observed,urban,787.26
2023,observed,water,259.2
2023,observed,other,62.38
2023,simulated,natural,5943.25
2023,simulated,agro,3214.19
2023,simulated,urban,814.59
2023,simulated,water,267.36
2023,simulated,other,57.94
2040,simulated,natural,5330.31
2040,simulated,agro,3690.88
2040,simulated,urban,958.98
2040,simulated,water,259.2
2040,simulated,other,57.96
